cycle,cage_id,plant_id,cultivar,aphid_treatment,watering_treatment,day,gwc,mV,primary_tillers,secondary_tillers,total_tillers,leaf_no_ms,dev_stage,MS_nodes,stems_with_nodes,plant_height_cm,SPAD,whole_plant_aphids,tiller_1_aphids,tiller_2_aphids,any_dead,aphid_count,log_aphid_count,root ,shoot ,ratio 
1,A,Left_A,bere,no,w,0,83.7468,344,NA,NA,NA,NA,NA,NA,NA,NA,NA,NA,NA,NA,FALSE,NA,NA,NA,NA,NA
1,A,Left_A,bere,no,w,1,163.0149,737,3,0,3,3,31,1,2,10,NA,NA,NA,NA,FALSE,NA,NA,NA,NA,NA
1,A,Left_A,bere,no,w,6,142.6432,636,4,2,6,4,31,1,2,18,34.8,NA,NA,NA,FALSE,NA,NA,NA,NA,NA
1,A,Left_A,bere,no,w,9,191.2529,877,NA,NA,NA,NA,NA,NA,NA,NA,NA,NA,NA,NA,FALSE,NA,NA,NA,NA,NA
1,A,Left_A,bere,no,w,13,200.9345,925,NA,NA,NA,NA,NA,NA,NA,NA,23.6,NA,NA,NA,FALSE,NA,NA,NA,NA,NA
1,A,Left_A,bere,no,w,15,155.9554,702,3,2,5,3,32,2,2,21,NA,NA,NA,NA,FALSE,NA,NA,NA,NA,NA
1,A,Left_A,bere,no,w,17,NA,NA,NA,NA,NA,NA,NA,NA,NA,NA,NA,NA,NA,NA,FALSE,NA,NA,NA,NA,NA
1,A,Left_A,bere,no,w,21,181.1679,827,NA,NA,NA,NA,NA,NA,NA,NA,NA,NA,NA,NA,FALSE,NA,NA,NA,NA,NA
1,A,Left_A,bere,no,w,23,NA,NA,4,2,6,4,32,2,2,21,11.2,NA,NA,NA,FALSE,NA,NA,NA,NA,NA
1,A,Left_A,bere,no,w,24,NA,NA,NA,NA,NA,NA,NA,NA,NA,NA,NA,NA,NA,NA,FALSE,NA,NA,NA,NA,NA
1,A,Left_A,bere,no,w,28,185.807,850,NA,NA,NA,NA,NA,NA,NA,NA,NA,NA,NA,NA,FALSE,NA,NA,NA,NA,NA
1,A,Left_A,bere,no,w,30,181.1679,827,NA,NA,NA,NA,NA,NA,NA,NA,15.2,NA,NA,NA,FALSE,NA,NA,NA,NA,NA
1,B,Left_B,bere,no,w,0,59.5428,224,NA,NA,NA,NA,NA,NA,NA,NA,NA,NA,NA,NA,FALSE,NA,NA,NA,NA,NA
1,B,Left_B,bere,no,w,1,148.2908,664,2,3,5,3,31,1,1,12.5,NA,NA,NA,NA,FALSE,NA,NA,NA,NA,NA
1,B,Left_B,bere,no,w,6,106.3372,456,3,4,7,4,31,1,2,15.5,38.5,NA,NA,NA,FALSE,NA,NA,NA,NA,NA
1,B,Left_B,bere,no,w,9,180.3611,823,NA,NA,NA,NA,NA,NA,NA,NA,NA,NA,NA,NA,FALSE,NA,NA,NA,NA,NA
1,B,Left_B,bere,no,w,13,197.909,910,NA,NA,NA,NA,NA,NA,NA,NA,33.5,NA,NA,NA,FALSE,NA,NA,NA,NA,NA
1,B,Left_B,bere,no,w,15,173.0999,787,6,6,12,3,31,1,2,15,NA,NA,NA,NA,FALSE,NA,NA,NA,NA,NA
1,B,Left_B,bere,no,w,17,NA,NA,NA,NA,NA,NA,NA,NA,NA,NA,NA,NA,NA,NA,FALSE,NA,NA,NA,NA,NA
1,B,Left_B,bere,no,w,21,173.3016,788,NA,NA,NA,NA,NA,NA,NA,NA,NA,NA,NA,NA,FALSE,NA,NA,NA,NA,NA
1,B,Left_B,bere,no,w,23,NA,NA,9,4,13,5,32,2,2,13,30.7,NA,NA,NA,FALSE,NA,NA,NA,NA,NA
1,B,Left_B,bere,no,w,24,NA,NA,NA,NA,NA,NA,NA,NA,NA,NA,NA,NA,NA,NA,FALSE,NA,NA,NA,NA,NA
1,B,Left_B,bere,no,w,28,159.7877,721,NA,NA,NA,NA,NA,NA,NA,NA,NA,NA,NA,NA,FALSE,NA,NA,NA,NA,NA
1,B,Left_B,bere,no,w,30,166.4438,754,NA,NA,NA,NA,NA,NA,NA,NA,25.4,NA,NA,NA,FALSE,NA,NA,NA,NA,NA
1,C,Left_C,laureate,no,w,0,41.1881,133,NA,NA,NA,NA,NA,NA,NA,NA,NA,NA,NA,NA,FALSE,NA,NA,NA,NA,NA
1,C,Left_C,laureate,no,w,1,124.0868,544,4,1,5,4,31,1,1,11.5,NA,NA,NA,NA,FALSE,NA,NA,NA,NA,NA
1,C,Left_C,laureate,no,w,6,72.855,290,4,3,7,4,31,1,1,15,44.3,NA,NA,NA,FALSE,NA,NA,NA,NA,NA
1,C,Left_C,laureate,no,w,9,130.1378,574,NA,NA,NA,NA,NA,NA,NA,NA,NA,NA,NA,NA,FALSE,NA,NA,NA,NA,NA
1,C,Left_C,laureate,no,w,13,160.3928,724,NA,NA,NA,NA,NA,NA,NA,NA,37.4,NA,NA,NA,FALSE,NA,NA,NA,NA,NA
1,C,Left_C,laureate,no,w,15,179.3526,818,7,4,11,4,32,2,3,22,NA,NA,NA,NA,FALSE,NA,NA,NA,NA,NA
1,C,Left_C,laureate,no,w,17,NA,NA,NA,NA,NA,NA,NA,NA,NA,NA,NA,NA,NA,NA,FALSE,NA,NA,NA,NA,NA
1,C,Left_C,laureate,no,w,21,139.6177,621,NA,NA,NA,NA,NA,NA,NA,NA,NA,NA,NA,NA,FALSE,NA,NA,NA,NA,NA
1,C,Left_C,laureate,no,w,23,NA,NA,7,7,14,4,32,2,5,19,30.5,NA,NA,NA,FALSE,NA,NA,NA,NA,NA
1,C,Left_C,laureate,no,w,24,NA,NA,NA,NA,NA,NA,NA,NA,NA,NA,NA,NA,NA,NA,FALSE,NA,NA,NA,NA,NA
1,C,Left_C,laureate,no,w,28,93.6301,393,NA,NA,NA,NA,NA,NA,NA,NA,NA,NA,NA,NA,FALSE,NA,NA,NA,NA,NA
1,C,Left_C,laureate,no,w,30,117.229,510,NA,NA,NA,NA,NA,NA,NA,NA,34.5,NA,NA,NA,FALSE,NA,NA,NA,NA,NA
1,D,Left_D,laureate,no,w,0,100.6896,428,NA,NA,NA,NA,NA,NA,NA,NA,NA,NA,NA,NA,FALSE,NA,NA,NA,NA,NA
1,D,Left_D,laureate,no,w,1,166.8472,756,3,2,5,4,25,0,0,15,NA,NA,NA,NA,FALSE,NA,NA,NA,NA,NA
1,D,Left_D,laureate,no,w,6,128.1208,564,4,4,8,3,31,1,1,15,42.3,NA,NA,NA,FALSE,NA,NA,NA,NA,NA
1,D,Left_D,laureate,no,w,9,168.2591,763,NA,NA,NA,NA,NA,NA,NA,NA,NA,NA,NA,NA,FALSE,NA,NA,NA,NA,NA
1,D,Left_D,laureate,no,w,13,191.858,880,NA,NA,NA,NA,NA,NA,NA,NA,35.1,NA,NA,NA,FALSE,NA,NA,NA,NA,NA
1,D,Left_D,laureate,no,w,15,150.7112,676,9,6,15,4,31,1,3,17,NA,NA,NA,NA,FALSE,NA,NA,NA,NA,NA
1,D,Left_D,laureate,no,w,17,NA,NA,NA,NA,NA,NA,NA,NA,NA,NA,NA,NA,NA,NA,FALSE,NA,NA,NA,NA,NA
1,D,Left_D,laureate,no,w,21,126.7089,557,NA,NA,NA,NA,NA,NA,NA,NA,NA,NA,NA,NA,FALSE,NA,NA,NA,NA,NA
1,D,Left_D,laureate,no,w,23,NA,NA,9,8,17,4,32,2,4,15,31.1,NA,NA,NA,FALSE,NA,NA,NA,NA,NA
1,D,Left_D,laureate,no,w,24,NA,NA,NA,NA,NA,NA,NA,NA,NA,NA,NA,NA,NA,NA,FALSE,NA,NA,NA,NA,NA
1,D,Left_D,laureate,no,w,28,74.6703,299,NA,NA,NA,NA,NA,NA,NA,NA,NA,NA,NA,NA,FALSE,NA,NA,NA,NA,NA
1,D,Left_D,laureate,no,w,30,77.8975,315,NA,NA,NA,NA,NA,NA,NA,NA,34.6,NA,NA,NA,FALSE,NA,NA,NA,NA,NA
1,E,Left_E,laureate,aphids,w,0,68.4176,268,NA,NA,NA,NA,NA,NA,NA,NA,NA,NA,NA,NA,FALSE,NA,NA,NA,NA,NA
1,E,Left_E,laureate,aphids,w,1,130.1378,574,3,2,5,4,25,0,0,12.5,NA,NA,NA,NA,FALSE,NA,NA,NA,NA,NA
1,E,Left_E,laureate,aphids,w,6,80.5196,328,4,4,8,3,31,1,1,15,43.1,44,NA,NA,FALSE,44,3.784189634,NA,NA,NA
1,E,Left_E,laureate,aphids,w,9,162.4098,734,NA,NA,NA,NA,NA,NA,NA,NA,NA,NA,NA,NA,FALSE,NA,NA,NA,NA,NA
1,E,Left_E,laureate,aphids,w,13,185.807,850,NA,NA,NA,NA,NA,NA,NA,NA,35.1,NA,81,61,FALSE,142,4.955827058,NA,NA,NA
1,E,Left_E,laureate,aphids,w,15,166.4438,754,7,4,11,4,31,1,1,19,NA,NA,NA,NA,FALSE,NA,NA,NA,NA,NA
1,E,Left_E,laureate,aphids,w,17,NA,NA,NA,NA,NA,NA,NA,NA,NA,NA,NA,NA,83,79,FALSE,162,5.087596335,NA,NA,NA
1,E,Left_E,laureate,aphids,w,21,166.8472,756,NA,NA,NA,NA,NA,NA,NA,NA,NA,NA,NA,NA,FALSE,NA,NA,NA,NA,NA
1,E,Left_E,laureate,aphids,w,23,NA,NA,8,6,14,4,32,2,5,20,30.1,NA,NA,NA,FALSE,NA,NA,NA,NA,NA
1,E,Left_E,laureate,aphids,w,24,NA,NA,NA,NA,NA,NA,NA,NA,NA,NA,NA,NA,836,142,FALSE,978,6.88550967,NA,NA,NA
1,E,Left_E,laureate,aphids,w,28,145.8704,652,NA,NA,NA,NA,NA,NA,NA,NA,NA,NA,NA,NA,FALSE,NA,NA,NA,NA,NA
1,E,Left_E,laureate,aphids,w,30,179.3526,818,NA,NA,NA,NA,NA,NA,NA,NA,23.5,NA,NA,NA,FALSE,NA,NA,NA,NA,NA
1,F,Left_F,bere,aphids,w,0,57.3241,213,NA,NA,NA,NA,NA,NA,NA,NA,NA,NA,NA,NA,FALSE,NA,NA,NA,NA,NA
1,F,Left_F,bere,aphids,w,1,137.399,610,4,2,6,4,31,1,1,18,NA,NA,NA,NA,FALSE,NA,NA,NA,NA,NA
1,F,Left_F,bere,aphids,w,6,77.2924,312,5,5,10,4,31,1,1,18.5,32.9,40,NA,NA,FALSE,40,3.688879454,NA,NA,NA
1,F,Left_F,bere,aphids,w,9,165.2336,748,NA,NA,NA,NA,NA,NA,NA,NA,NA,NA,NA,NA,FALSE,NA,NA,NA,NA,NA
1,F,Left_F,bere,aphids,w,13,194.2784,892,NA,NA,NA,NA,NA,NA,NA,NA,30.3,NA,51,53,FALSE,104,4.644390899,NA,NA,NA
1,F,Left_F,bere,aphids,w,15,189.841,870,8,4,12,4,33,3,5,24,NA,NA,NA,NA,FALSE,NA,NA,NA,NA,NA
1,F,Left_F,bere,aphids,w,17,NA,NA,NA,NA,NA,NA,NA,NA,NA,NA,NA,NA,58,82,FALSE,140,4.941642423,NA,NA,NA
1,F,Left_F,bere,aphids,w,21,196.6988,904,NA,NA,NA,NA,NA,NA,NA,NA,NA,NA,NA,NA,FALSE,NA,NA,NA,NA,NA
1,F,Left_F,bere,aphids,w,23,NA,NA,NA,NA,NA,NA,33,3,5,NA,7.5,NA,NA,NA,TRUE,NA,NA,NA,NA,NA
1,F,Left_F,bere,aphids,w,24,NA,NA,NA,NA,NA,NA,NA,NA,NA,NA,NA,NA,3,NA,FALSE,3,1.098612289,NA,NA,NA
1,F,Left_F,bere,aphids,w,28,216.062,1000,NA,NA,NA,NA,NA,NA,NA,NA,NA,NA,NA,NA,FALSE,NA,NA,NA,NA,NA
1,F,Left_F,bere,aphids,w,30,209.2042,966,NA,NA,NA,NA,NA,NA,NA,NA,2.8,NA,NA,NA,FALSE,NA,NA,NA,NA,NA
1,G,Left_G,laureate,aphids,w,0,70.0312,276,NA,NA,NA,NA,NA,NA,NA,NA,NA,NA,NA,NA,FALSE,NA,NA,NA,NA,NA
1,G,Left_G,laureate,aphids,w,1,151.1146,678,4,2,6,3,31,1,1,13.5,NA,NA,NA,NA,FALSE,NA,NA,NA,NA,NA
1,G,Left_G,laureate,aphids,w,6,109.161,470,4,3,7,4,31,1,1,13,38.7,58,NA,NA,FALSE,58,4.060443011,NA,NA,NA
1,G,Left_G,laureate,aphids,w,9,164.8302,746,NA,NA,NA,NA,NA,NA,NA,NA,NA,NA,NA,NA,FALSE,NA,NA,NA,NA,NA
1,G,Left_G,laureate,aphids,w,13,167.2506,758,NA,NA,NA,NA,NA,NA,NA,NA,34.6,NA,40,85,FALSE,125,4.828313737,NA,NA,NA
1,G,Left_G,laureate,aphids,w,15,185.0002,846,8,7,15,3,31,1,1,20,NA,NA,NA,NA,FALSE,NA,NA,NA,NA,NA
1,G,Left_G,laureate,aphids,w,17,NA,NA,NA,NA,NA,NA,NA,NA,NA,NA,NA,NA,50,90,FALSE,140,4.941642423,NA,NA,NA
1,G,Left_G,laureate,aphids,w,21,168.4608,764,NA,NA,NA,NA,NA,NA,NA,NA,NA,NA,NA,NA,FALSE,NA,NA,NA,NA,NA
1,G,Left_G,laureate,aphids,w,23,NA,NA,8,6,14,3,31,1,4,19,25.9,NA,NA,NA,FALSE,NA,NA,NA,NA,NA
1,G,Left_G,laureate,aphids,w,24,NA,NA,NA,NA,NA,NA,NA,NA,NA,NA,NA,NA,505,401,FALSE,906,6.809039306,NA,NA,NA
1,G,Left_G,laureate,aphids,w,28,170.8812,776,NA,NA,NA,NA,NA,NA,NA,NA,NA,NA,NA,NA,FALSE,NA,NA,NA,NA,NA
1,G,Left_G,laureate,aphids,w,30,211.6246,978,NA,NA,NA,NA,NA,NA,NA,NA,24.3,NA,NA,NA,FALSE,NA,NA,NA,NA,NA
1,H,Left_H,bere,aphids,w,0,76.4856,308,NA,NA,NA,NA,NA,NA,NA,NA,NA,NA,NA,NA,FALSE,NA,NA,NA,NA,NA
1,H,Left_H,bere,aphids,w,1,187.6223,859,4,2,6,3,31,1,1,16.5,NA,NA,NA,NA,FALSE,NA,NA,NA,NA,NA
1,H,Left_H,bere,aphids,w,6,134.1718,594,5,3,8,4,32,2,1,16,32.9,42,NA,NA,FALSE,42,3.737669618,NA,NA,NA
1,H,Left_H,bere,aphids,w,9,174.5118,794,NA,NA,NA,NA,NA,NA,NA,NA,NA,NA,NA,NA,FALSE,NA,NA,NA,NA,NA
1,H,Left_H,bere,aphids,w,13,218.079,1010,NA,NA,NA,NA,NA,NA,NA,NA,31.9,NA,63,4,FALSE,67,4.204692619,NA,NA,NA
1,H,Left_H,bere,aphids,w,15,191.4546,878,7,6,13,4,32,2,1,20,NA,NA,NA,NA,FALSE,NA,NA,NA,NA,NA
1,H,Left_H,bere,aphids,w,17,NA,NA,NA,NA,NA,NA,NA,NA,NA,NA,NA,NA,18,39,FALSE,57,4.043051268,NA,NA,NA
1,H,Left_H,bere,aphids,w,21,183.1849,837,NA,NA,NA,NA,NA,NA,NA,NA,NA,NA,NA,NA,FALSE,NA,NA,NA,NA,NA
1,H,Left_H,bere,aphids,w,23,NA,NA,NA,NA,NA,3,32,2,1,8,16.5,NA,NA,NA,TRUE,NA,NA,NA,NA,NA
1,H,Left_H,bere,aphids,w,24,NA,NA,NA,NA,NA,NA,NA,NA,NA,NA,NA,NA,57,125,FALSE,182,5.204006687,NA,NA,NA
1,H,Left_H,bere,aphids,w,28,164.2251,743,NA,NA,NA,NA,NA,NA,NA,NA,NA,NA,NA,NA,FALSE,NA,NA,NA,NA,NA
1,H,Left_H,bere,aphids,w,30,218.4824,1012,NA,NA,NA,NA,NA,NA,NA,NA,6.5,NA,NA,NA,FALSE,NA,NA,NA,NA,NA
1,A,Right_A,bere,no,d,0,84.5536,348,NA,NA,NA,NA,NA,NA,NA,NA,NA,NA,NA,NA,FALSE,NA,NA,NA,NA,NA
1,A,Right_A,bere,no,d,1,114.6069,497,6,3,9,3,31,1,1,12.5,NA,NA,NA,NA,FALSE,NA,NA,NA,NA,NA
1,A,Right_A,bere,no,d,6,68.821,270,6,2,8,3,31,1,1.5,17,35.3,NA,NA,NA,FALSE,NA,NA,NA,NA,NA
1,A,Right_A,bere,no,d,9,120.4562,526,NA,NA,NA,NA,NA,NA,NA,NA,NA,NA,NA,NA,FALSE,NA,NA,NA,NA,NA
1,A,Right_A,bere,no,d,13,140.4245,625,NA,NA,NA,NA,NA,NA,NA,NA,33.9,NA,NA,NA,FALSE,NA,NA,NA,NA,NA
1,A,Right_A,bere,no,d,15,132.7599,587,6,4,10,4,33,3,4,29,NA,NA,NA,NA,FALSE,NA,NA,NA,NA,NA
1,A,Right_A,bere,no,d,17,NA,NA,NA,NA,NA,NA,NA,NA,NA,NA,NA,NA,NA,NA,FALSE,NA,NA,NA,NA,NA
1,A,Right_A,bere,no,d,21,134.9786,598,NA,NA,NA,NA,NA,NA,NA,NA,NA,NA,NA,NA,FALSE,NA,NA,NA,NA,NA
1,A,Right_A,bere,no,d,23,NA,NA,8,5,13,3,33,3,5,31,16.8,NA,NA,NA,FALSE,NA,NA,NA,NA,NA
1,A,Right_A,bere,no,d,24,NA,NA,NA,NA,NA,NA,NA,NA,NA,NA,NA,NA,NA,NA,FALSE,NA,NA,NA,NA,NA
1,A,Right_A,bere,no,d,28,135.7854,602,NA,NA,NA,NA,NA,NA,NA,NA,NA,NA,NA,NA,FALSE,NA,NA,NA,NA,NA
1,A,Right_A,bere,no,d,30,181.773,830,NA,NA,NA,NA,NA,NA,NA,NA,25.5,NA,NA,NA,FALSE,NA,NA,NA,NA,NA
1,B,Right_B,bere,no,d,0,65.5938,254,NA,NA,NA,NA,NA,NA,NA,NA,NA,NA,NA,NA,FALSE,NA,NA,NA,NA,NA
1,B,Right_B,bere,no,d,1,88.5876,368,3,2,5,3,25,0,0,13,NA,NA,NA,NA,FALSE,NA,NA,NA,NA,NA
1,B,Right_B,bere,no,d,6,49.8612,176,4,3,7,4,31,1,2,18,36.3,NA,NA,NA,FALSE,NA,NA,NA,NA,NA
1,B,Right_B,bere,no,d,9,61.1564,232,NA,NA,NA,NA,NA,NA,NA,NA,NA,NA,NA,NA,FALSE,NA,NA,NA,NA,NA
1,B,Right_B,bere,no,d,13,91.4114,382,NA,NA,NA,NA,NA,NA,NA,NA,30.3,NA,NA,NA,FALSE,NA,NA,NA,NA,NA
1,B,Right_B,bere,no,d,15,74.2669,297,3,3,6,4,32,2,4,26,NA,NA,NA,NA,FALSE,NA,NA,NA,NA,NA
1,B,Right_B,bere,no,d,17,NA,NA,NA,NA,NA,NA,NA,NA,NA,NA,NA,NA,NA,NA,FALSE,NA,NA,NA,NA,NA
1,B,Right_B,bere,no,d,21,73.6618,294,NA,NA,NA,NA,NA,NA,NA,NA,NA,NA,NA,NA,FALSE,NA,NA,NA,NA,NA
1,B,Right_B,bere,no,d,23,NA,NA,3,3,6,4,33,3,4,25,17.8,NA,NA,NA,FALSE,NA,NA,NA,NA,NA
1,B,Right_B,bere,no,d,24,NA,NA,NA,NA,NA,NA,NA,NA,NA,NA,NA,NA,NA,NA,FALSE,NA,NA,NA,NA,NA
1,B,Right_B,bere,no,d,28,95.4454,402,NA,NA,NA,NA,NA,NA,NA,NA,NA,NA,NA,NA,FALSE,NA,NA,NA,NA,NA
1,B,Right_B,bere,no,d,30,130.7429,577,NA,NA,NA,NA,NA,NA,NA,NA,11.5,NA,NA,NA,FALSE,NA,NA,NA,NA,NA
1,C,Right_C,laureate,no,d,0,67.2074,262,NA,NA,NA,NA,NA,NA,NA,NA,NA,NA,NA,NA,FALSE,NA,NA,NA,NA,NA
1,C,Right_C,laureate,no,d,1,99.076,420,5,0,5,3,25,0,0,13,NA,NA,NA,NA,FALSE,NA,NA,NA,NA,NA
1,C,Right_C,laureate,no,d,6,39.7762,126,5,5,10,3,30,0,0.5,14.5,44.3,NA,NA,NA,FALSE,NA,NA,NA,NA,NA
1,C,Right_C,laureate,no,d,9,55.1054,202,NA,NA,NA,NA,NA,NA,NA,NA,NA,NA,NA,NA,FALSE,NA,NA,NA,NA,NA
1,C,Right_C,laureate,no,d,13,56.3156,208,NA,NA,NA,NA,NA,NA,NA,NA,38.5,NA,NA,NA,FALSE,NA,NA,NA,NA,NA
1,C,Right_C,laureate,no,d,15,43.2051,143,8,5,13,4,32,2,3,23,NA,NA,NA,NA,FALSE,NA,NA,NA,NA,NA
1,C,Right_C,laureate,no,d,17,NA,NA,NA,NA,NA,NA,NA,NA,NA,NA,NA,NA,NA,NA,FALSE,NA,NA,NA,NA,NA
1,C,Right_C,laureate,no,d,21,34.1286,98,NA,NA,NA,NA,NA,NA,NA,NA,NA,NA,NA,NA,FALSE,NA,NA,NA,NA,NA
1,C,Right_C,laureate,no,d,23,NA,NA,10,8,18,4,33,3,7,28,33.9,NA,NA,NA,FALSE,NA,NA,NA,NA,NA
1,C,Right_C,laureate,no,d,24,NA,NA,NA,NA,NA,NA,NA,NA,NA,NA,NA,NA,NA,NA,FALSE,NA,NA,NA,NA,NA
1,C,Right_C,laureate,no,d,28,28.481,70,NA,NA,NA,NA,NA,NA,NA,NA,NA,NA,NA,NA,FALSE,NA,NA,NA,NA,NA
1,C,Right_C,laureate,no,d,30,30.498,80,NA,NA,NA,NA,NA,NA,NA,NA,35.1,NA,NA,NA,FALSE,NA,NA,NA,NA,NA
1,D,Right_D,laureate,no,d,0,82.5366,338,NA,NA,NA,NA,NA,NA,NA,NA,NA,NA,NA,NA,FALSE,NA,NA,NA,NA,NA
1,D,Right_D,laureate,no,d,1,124.2885,545,4,3,7,3,27,0,0,10.5,NA,NA,NA,NA,FALSE,NA,NA,NA,NA,NA
1,D,Right_D,laureate,no,d,6,50.668,180,5,5,10,3,31,1,1.5,12,43.4,NA,NA,NA,FALSE,NA,NA,NA,NA,NA
1,D,Right_D,laureate,no,d,9,70.0312,276,NA,NA,NA,NA,NA,NA,NA,NA,NA,NA,NA,NA,FALSE,NA,NA,NA,NA,NA
1,D,Right_D,laureate,no,d,13,89.1927,371,NA,NA,NA,NA,NA,NA,NA,NA,36.8,NA,NA,NA,FALSE,NA,NA,NA,NA,NA
1,D,Right_D,laureate,no,d,15,75.4771,303,9,7,16,4,32,2,2,16,NA,NA,NA,NA,FALSE,NA,NA,NA,NA,NA
1,D,Right_D,laureate,no,d,17,NA,NA,NA,NA,NA,NA,NA,NA,NA,NA,NA,NA,NA,NA,FALSE,NA,NA,NA,NA,NA
1,D,Right_D,laureate,no,d,21,49.4578,174,NA,NA,NA,NA,NA,NA,NA,NA,NA,NA,NA,NA,FALSE,NA,NA,NA,NA,NA
1,D,Right_D,laureate,no,d,23,NA,NA,11,11,22,3,32,2,3,16,25.6,NA,NA,NA,FALSE,NA,NA,NA,NA,NA
1,D,Right_D,laureate,no,d,24,NA,NA,NA,NA,NA,NA,NA,NA,NA,NA,NA,NA,NA,NA,FALSE,NA,NA,NA,NA,NA
1,D,Right_D,laureate,no,d,28,35.3388,104,NA,NA,NA,NA,NA,NA,NA,NA,NA,NA,NA,NA,FALSE,NA,NA,NA,NA,NA
1,D,Right_D,laureate,no,d,30,42.1966,138,NA,NA,NA,NA,NA,NA,NA,NA,36.7,NA,NA,NA,FALSE,NA,NA,NA,NA,NA
1,E,Right_E,laureate,aphids,d,0,47.2391,163,NA,NA,NA,NA,NA,NA,NA,NA,NA,NA,NA,NA,FALSE,NA,NA,NA,NA,NA
1,E,Right_E,laureate,aphids,d,1,92.2182,386,3,3,6,3,26,0,0,11.5,NA,NA,NA,NA,FALSE,NA,NA,NA,NA,NA
1,E,Right_E,laureate,aphids,d,6,38.566,120,3,3,6,3,31,1,1,16.5,41.9,21,NA,NA,FALSE,21,3.044522438,NA,NA,NA
1,E,Right_E,laureate,aphids,d,9,54.2986,198,NA,NA,NA,NA,NA,NA,NA,NA,NA,NA,NA,NA,FALSE,NA,NA,NA,NA,NA
1,E,Right_E,laureate,aphids,d,13,49.4578,174,NA,NA,NA,NA,NA,NA,NA,NA,36.2,NA,53,35,FALSE,88,4.477336814,NA,NA,NA
1,E,Right_E,laureate,aphids,d,15,49.0544,172,7,3,10,4,31,1,1,22,NA,NA,NA,NA,FALSE,NA,NA,NA,NA,NA
1,E,Right_E,laureate,aphids,d,17,NA,NA,NA,NA,NA,NA,NA,NA,NA,NA,NA,NA,100,88,FALSE,188,5.236441963,NA,NA,NA
1,E,Right_E,laureate,aphids,d,21,36.549,110,NA,NA,NA,NA,NA,NA,NA,NA,NA,NA,NA,NA,FALSE,NA,NA,NA,NA,NA
1,E,Right_E,laureate,aphids,d,23,NA,NA,7,10,17,4,32,2,2,24,29.1,NA,NA,NA,FALSE,NA,NA,NA,NA,NA
1,E,Right_E,laureate,aphids,d,24,NA,NA,NA,NA,NA,NA,NA,NA,NA,NA,NA,NA,307,396,FALSE,703,6.555356892,NA,NA,NA
1,E,Right_E,laureate,aphids,d,28,28.2793,69,NA,NA,NA,NA,NA,NA,NA,NA,NA,NA,NA,NA,FALSE,NA,NA,NA,NA,NA
1,E,Right_E,laureate,aphids,d,30,36.9524,112,NA,NA,NA,NA,NA,NA,NA,NA,25.2,NA,NA,NA,FALSE,NA,NA,NA,NA,NA
1,F,Right_F,bere,aphids,d,0,74.4686,298,NA,NA,NA,NA,NA,NA,NA,NA,NA,NA,NA,NA,FALSE,NA,NA,NA,NA,NA
1,F,Right_F,bere,aphids,d,1,117.6324,512,4,2,6,4,26,0,0,9,NA,NA,NA,NA,FALSE,NA,NA,NA,NA,NA
1,F,Right_F,bere,aphids,d,6,74.0652,296,5,5,10,4,29,0,0,16.5,34.2,64,NA,NA,FALSE,64,4.158883083,NA,NA,NA
1,F,Right_F,bere,aphids,d,9,91.8148,384,NA,NA,NA,NA,NA,NA,NA,NA,NA,NA,NA,NA,FALSE,NA,NA,NA,NA,NA
1,F,Right_F,bere,aphids,d,13,100.2862,426,NA,NA,NA,NA,NA,NA,NA,NA,31.1,NA,51,23,FALSE,74,4.304065093,NA,NA,NA
1,F,Right_F,bere,aphids,d,15,97.059,410,6,6,12,4,31,1,1,20,NA,NA,NA,NA,FALSE,NA,NA,NA,NA,NA
1,F,Right_F,bere,aphids,d,17,NA,NA,NA,NA,NA,NA,NA,NA,NA,NA,NA,NA,140,42,FALSE,182,5.204006687,NA,NA,NA
1,F,Right_F,bere,aphids,d,21,110.3712,476,NA,NA,NA,NA,NA,NA,NA,NA,NA,NA,NA,NA,FALSE,NA,NA,NA,NA,NA
1,F,Right_F,bere,aphids,d,23,NA,NA,NA,NA,NA,3,31,1,1,19,15,NA,NA,NA,TRUE,NA,NA,NA,NA,NA
1,F,Right_F,bere,aphids,d,24,NA,NA,NA,NA,NA,NA,NA,NA,NA,NA,NA,NA,53,126,FALSE,179,5.187385806,NA,NA,NA
1,F,Right_F,bere,aphids,d,28,116.4222,506,NA,NA,NA,NA,NA,NA,NA,NA,NA,NA,NA,NA,FALSE,NA,NA,NA,NA,NA
1,F,Right_F,bere,aphids,d,30,125.9021,553,NA,NA,NA,NA,NA,NA,NA,NA,8.6,NA,NA,NA,FALSE,NA,NA,NA,NA,NA
1,G,Right_G,laureate,aphids,d,0,65.5938,254,NA,NA,NA,NA,NA,NA,NA,NA,NA,NA,NA,NA,FALSE,NA,NA,NA,NA,NA
1,G,Right_G,laureate,aphids,d,1,94.6386,398,4,1,5,4,25,0,0,11.5,NA,NA,NA,NA,FALSE,NA,NA,NA,NA,NA
1,G,Right_G,laureate,aphids,d,6,47.8442,166,5,3,8,4,30,0,0.5,17,42.5,36,NA,NA,FALSE,36,3.583518938,NA,NA,NA
1,G,Right_G,laureate,aphids,d,9,59.9462,226,NA,NA,NA,NA,NA,NA,NA,NA,NA,NA,NA,NA,FALSE,NA,NA,NA,NA,NA
1,G,Right_G,laureate,aphids,d,13,67.2074,262,NA,NA,NA,NA,NA,NA,NA,NA,38.2,NA,39,48,FALSE,87,4.465908119,NA,NA,NA
1,G,Right_G,laureate,aphids,d,15,63.5768,244,8,2,10,4,32,2,1,25,NA,NA,NA,NA,FALSE,NA,NA,NA,NA,NA
1,G,Right_G,laureate,aphids,d,17,NA,NA,NA,NA,NA,NA,NA,NA,NA,NA,NA,NA,53,67,FALSE,120,4.787491743,NA,NA,NA
1,G,Right_G,laureate,aphids,d,21,36.7507,111,NA,NA,NA,NA,NA,NA,NA,NA,NA,NA,NA,NA,FALSE,NA,NA,NA,NA,NA
1,G,Right_G,laureate,aphids,d,23,NA,NA,9,7,16,4,32,2,4,25,25.8,NA,NA,NA,FALSE,NA,NA,NA,NA,NA
1,G,Right_G,laureate,aphids,d,24,NA,NA,NA,NA,NA,NA,NA,NA,NA,NA,NA,NA,532,480,FALSE,1012,6.91968385,NA,NA,NA
1,G,Right_G,laureate,aphids,d,28,29.4895,75,NA,NA,NA,NA,NA,NA,NA,NA,NA,NA,NA,NA,FALSE,NA,NA,NA,NA,NA
1,G,Right_G,laureate,aphids,d,30,41.3898,134,NA,NA,NA,NA,NA,NA,NA,NA,10.3,NA,NA,NA,FALSE,NA,NA,NA,NA,NA
1,H,Right_H,bere,aphids,d,0,77.6958,314,NA,NA,NA,NA,NA,NA,NA,NA,NA,NA,NA,NA,FALSE,NA,NA,NA,NA,NA
1,H,Right_H,bere,aphids,d,1,159.9894,722,3,2,5,6,32,2,1,21,NA,NA,NA,NA,FALSE,NA,NA,NA,NA,NA
1,H,Right_H,bere,aphids,d,6,95.8488,404,5,4,9,5,33,3,3,27,35.9,18,NA,NA,FALSE,18,2.890371758,NA,NA,NA
1,H,Right_H,bere,aphids,d,9,111.178,480,NA,NA,NA,NA,NA,NA,NA,NA,NA,NA,NA,NA,FALSE,NA,NA,NA,NA,NA
1,H,Right_H,bere,aphids,d,13,150.7112,676,NA,NA,NA,NA,NA,NA,NA,NA,27.2,NA,24,20,FALSE,44,3.784189634,NA,NA,NA
1,H,Right_H,bere,aphids,d,15,124.0868,544,6,5,11,4,35,5,4,33,NA,NA,NA,NA,FALSE,NA,NA,NA,NA,NA
1,H,Right_H,bere,aphids,d,17,NA,NA,NA,NA,NA,NA,NA,NA,NA,NA,NA,NA,29,39,FALSE,68,4.219507705,NA,NA,NA
1,H,Right_H,bere,aphids,d,21,132.9616,588,NA,NA,NA,NA,NA,NA,NA,NA,NA,NA,NA,NA,FALSE,NA,NA,NA,NA,NA
1,H,Right_H,bere,aphids,d,23,NA,NA,NA,NA,NA,3,35,5,4,13,16.3,NA,NA,NA,TRUE,NA,NA,NA,NA,NA
1,H,Right_H,bere,aphids,d,24,NA,NA,NA,NA,NA,NA,NA,NA,NA,NA,NA,NA,322,NA,FALSE,322,5.774551546,NA,NA,NA
1,H,Right_H,bere,aphids,d,28,164.0234,742,NA,NA,NA,NA,NA,NA,NA,NA,NA,NA,NA,NA,FALSE,NA,NA,NA,NA,NA
1,H,Right_H,bere,aphids,d,30,190.0427,871,NA,NA,NA,NA,NA,NA,NA,NA,8.1,NA,NA,NA,FALSE,NA,NA,NA,NA,NA
2,A,Left_A,laureate,no,w,0,NA,NA,3,3,6,4,31,1,1,10,NA,NA,NA,NA,FALSE,NA,NA,NA,NA,NA
2,A,Left_A,laureate,no,w,3,105.5304,452,NA,NA,NA,NA,NA,NA,NA,NA,NA,NA,NA,NA,FALSE,NA,NA,NA,NA,NA
2,A,Left_A,laureate,no,w,4,NA,NA,NA,NA,NA,NA,NA,NA,NA,NA,NA,NA,NA,NA,FALSE,NA,NA,NA,NA,NA
2,A,Left_A,laureate,no,w,11,104.3202,446,5,6,11,4,31,1,2,17,36.9,NA,NA,NA,FALSE,NA,NA,NA,NA,NA
2,A,Left_A,laureate,no,w,18,102.3032,436,8,9,17,4,32,2,2,18,31.3,NA,NA,NA,FALSE,NA,NA,NA,NA,NA
2,A,Left_A,laureate,no,w,25,87.3774,362,7,13,20,3,32,2,2,17,32.4,NA,NA,NA,FALSE,NA,NA,NA,NA,NA
2,A,Left_A,laureate,no,w,31,54.2986,198,6,11,17,4,32,2,3,20,31.4,NA,NA,NA,FALSE,NA,NA,NA,NA,NA
2,B,Left_B,laureate,no,d,0,NA,NA,2,4,6,4,31,1,1,10,NA,NA,NA,NA,FALSE,NA,NA,NA,NA,NA
2,B,Left_B,laureate,no,d,3,61.9632,236,NA,NA,NA,NA,NA,NA,NA,NA,NA,NA,NA,NA,FALSE,NA,NA,NA,NA,NA
2,B,Left_B,laureate,no,d,4,NA,NA,NA,NA,NA,NA,NA,NA,NA,NA,NA,NA,NA,NA,FALSE,NA,NA,NA,NA,NA
2,B,Left_B,laureate,no,d,11,51.2731,183,5,4,9,3,31,1,3,16,37,NA,NA,NA,FALSE,NA,NA,NA,NA,NA
2,B,Left_B,laureate,no,d,18,36.549,110,6,4,10,5,31,1,3,20,37.3,NA,NA,NA,FALSE,NA,NA,NA,NA,NA
2,B,Left_B,laureate,no,d,25,29.0861,73,6,6,12,3,31,1,3,17,44.2,NA,NA,NA,FALSE,NA,NA,NA,NA,NA
2,B,Left_B,laureate,no,d,31,26.0606,58,6,8,14,5,33,3,3,22,40.2,NA,NA,NA,FALSE,NA,NA,NA,NA,NA
2,C,Left_C,laureate,no,w,0,NA,NA,2,3,5,4,31,1,1,15,NA,NA,NA,NA,FALSE,NA,NA,NA,NA,NA
2,C,Left_C,laureate,no,w,3,43.8102,146,NA,NA,NA,NA,NA,NA,NA,NA,NA,NA,NA,NA,FALSE,NA,NA,NA,NA,NA
2,C,Left_C,laureate,no,w,4,NA,NA,NA,NA,NA,NA,NA,NA,NA,NA,NA,NA,NA,NA,FALSE,NA,NA,NA,NA,NA
2,C,Left_C,laureate,no,w,11,59.7445,225,3,3,6,4,31,1,4,26,45.6,NA,NA,NA,FALSE,NA,NA,NA,NA,NA
2,C,Left_C,laureate,no,w,18,55.3071,203,4,4,8,5,33,3,5,39,44.2,NA,NA,NA,FALSE,NA,NA,NA,NA,NA
2,C,Left_C,laureate,no,w,25,45.4238,154,4,5,9,5,33,3,4,39,45.1,NA,NA,NA,FALSE,NA,NA,NA,NA,NA
2,C,Left_C,laureate,no,w,31,33.9269,97,4,10,14,6,34,4,4,47,43.3,NA,NA,NA,FALSE,NA,NA,NA,NA,NA
2,D,Left_D,laureate,no,d,0,NA,NA,3,3,6,4,31,1,1,14,NA,NA,NA,NA,FALSE,NA,NA,NA,NA,NA
2,D,Left_D,laureate,no,d,3,40.9864,132,NA,NA,NA,NA,NA,NA,NA,NA,NA,NA,NA,NA,FALSE,NA,NA,NA,NA,NA
2,D,Left_D,laureate,no,d,4,NA,NA,NA,NA,NA,NA,NA,NA,NA,NA,NA,NA,NA,NA,FALSE,NA,NA,NA,NA,NA
2,D,Left_D,laureate,no,d,11,33.7252,96,5,5,10,4,32,2,5,18,46.4,NA,NA,NA,FALSE,NA,NA,NA,NA,NA
2,D,Left_D,laureate,no,d,18,30.0946,78,5,4,9,5,32,2,4,23,46.3,NA,NA,NA,FALSE,NA,NA,NA,NA,NA
2,D,Left_D,laureate,no,d,25,27.6742,66,3,3,6,5,32,2,8,33,46.6,NA,NA,NA,FALSE,NA,NA,NA,NA,NA
2,D,Left_D,laureate,no,d,31,25.6572,56,5,10,15,5,33,3,6,37,47.4,NA,NA,NA,FALSE,NA,NA,NA,NA,NA
2,E,Left_E,laureate,aphids,w,0,NA,NA,3,3,6,4,31,1,1,17,NA,NA,NA,NA,FALSE,NA,NA,NA,NA,NA
2,E,Left_E,laureate,aphids,w,3,80.923,330,NA,NA,NA,NA,NA,NA,NA,NA,NA,NA,NA,NA,FALSE,NA,NA,NA,NA,NA
2,E,Left_E,laureate,aphids,w,4,NA,NA,NA,NA,NA,NA,NA,NA,NA,NA,NA,11,NA,NA,FALSE,11,2.397895273,NA,NA,NA
2,E,Left_E,laureate,aphids,w,11,60.1479,227,5,3,8,4,32,2,5,26,38.5,148,NA,NA,FALSE,148,4.997212274,NA,NA,NA
2,E,Left_E,laureate,aphids,w,18,46.8357,161,6,7,13,4,33,3,5,29,39.8,NA,143,195,FALSE,338,5.823045895,NA,NA,NA
2,E,Left_E,laureate,aphids,w,25,36.549,110,9,8,17,4,33,3,6,28,36.2,NA,583,651,FALSE,1234,7.118016204,NA,NA,NA
2,E,Left_E,laureate,aphids,w,31,29.6912,76,7,8,15,5,33,3,6,31,37,NA,187,471,FALSE,658,6.489204931,NA,NA,NA
2,F,Left_F,laureate,aphids,d,0,NA,NA,2,3,5,4,25,0,0,13,NA,NA,NA,NA,FALSE,NA,NA,NA,NA,NA
2,F,Left_F,laureate,aphids,d,3,44.2136,148,NA,NA,NA,NA,NA,NA,NA,NA,NA,NA,NA,NA,FALSE,NA,NA,NA,NA,NA
2,F,Left_F,laureate,aphids,d,4,NA,NA,NA,NA,NA,NA,NA,NA,NA,NA,NA,4,NA,NA,FALSE,4,1.386294361,NA,NA,NA
2,F,Left_F,laureate,aphids,d,11,39.5745,125,5,3,8,4,31,1,3,19,42.8,42,NA,NA,FALSE,42,3.737669618,NA,NA,NA
2,F,Left_F,laureate,aphids,d,18,37.7592,116,5,6,11,4,32,2,4,22,43.7,NA,36,37,FALSE,73,4.290459441,NA,NA,NA
2,F,Left_F,laureate,aphids,d,25,30.9014,82,5,9,14,5,32,2,4,28,40.6,NA,282,175,FALSE,457,6.124683391,NA,NA,NA
2,F,Left_F,laureate,aphids,d,31,26.8674,62,5,7,12,5,32,2,4,28,40.7,NA,681,566,FALSE,1247,7.128495946,NA,NA,NA
2,G,Left_G,laureate,aphids,w,0,NA,NA,2,3,5,4,31,1,1,15,NA,NA,NA,NA,FALSE,NA,NA,NA,NA,NA
2,G,Left_G,laureate,aphids,w,3,75.2754,302,NA,NA,NA,NA,NA,NA,NA,NA,NA,NA,NA,NA,FALSE,NA,NA,NA,NA,NA
2,G,Left_G,laureate,aphids,w,4,NA,NA,NA,NA,NA,NA,NA,NA,NA,NA,NA,12,NA,NA,FALSE,12,2.48490665,NA,NA,NA
2,G,Left_G,laureate,aphids,w,11,101.6981,433,3,4,7,4,31,1,2,18,38.9,52,NA,NA,FALSE,52,3.951243719,NA,NA,NA
2,G,Left_G,laureate,aphids,w,18,103.5134,442,4,7,11,4,31,1,2,22,34.5,NA,77,100,FALSE,177,5.176149733,NA,NA,NA
2,G,Left_G,laureate,aphids,w,25,112.3882,486,5,7,12,4,33,3,2,21,29.2,NA,987,371,FALSE,1358,7.213768308,NA,NA,NA
2,G,Left_G,laureate,aphids,w,31,104.7236,448,7,5,12,4,33,3,4,21,26.7,NA,917,466,FALSE,1383,7.232010332,NA,NA,NA
2,H,Left_H,laureate,aphids,d,0,NA,NA,2,3,5,4,31,1,1,16,NA,NA,NA,NA,FALSE,NA,NA,NA,NA,NA
2,H,Left_H,laureate,aphids,d,3,57.1224,212,NA,NA,NA,NA,NA,NA,NA,NA,NA,NA,NA,NA,FALSE,NA,NA,NA,NA,NA
2,H,Left_H,laureate,aphids,d,4,NA,NA,NA,NA,NA,NA,NA,NA,NA,NA,NA,20,NA,NA,FALSE,20,2.995732274,NA,NA,NA
2,H,Left_H,laureate,aphids,d,11,43.4068,144,5,3,8,5,32,2,2,27,44.9,85,NA,NA,FALSE,85,4.442651256,NA,NA,NA
2,H,Left_H,laureate,aphids,d,18,31.5065,85,4,4,8,5,32,2,3,32,43.4,NA,242,29,FALSE,271,5.602118821,NA,NA,NA
2,H,Left_H,laureate,aphids,d,25,27.6742,66,5,5,10,5,33,3,4,34,38.3,NA,342,295,FALSE,637,6.456769656,NA,NA,NA
2,H,Left_H,laureate,aphids,d,31,26.464,60,4,5,9,4,34,4,3,32,34.4,NA,1242,453,FALSE,1695,7.43543802,NA,NA,NA
2,A,Right_A,bere,no,w,0,NA,NA,3,3,6,4,31,1,1,14,NA,NA,NA,NA,FALSE,NA,NA,NA,NA,NA
2,A,Right_A,bere,no,w,3,117.0273,509,NA,NA,NA,NA,NA,NA,NA,NA,NA,NA,NA,NA,FALSE,NA,NA,NA,NA,NA
2,A,Right_A,bere,no,w,4,NA,NA,NA,NA,NA,NA,NA,NA,NA,NA,NA,NA,NA,NA,FALSE,NA,NA,NA,NA,NA
2,A,Right_A,bere,no,w,11,118.8426,518,5,7,12,3,32,2,3,17,35.1,NA,NA,NA,FALSE,NA,NA,NA,NA,NA
2,A,Right_A,bere,no,w,18,130.7429,577,6,5,11,3,32,2,3,16,31.7,NA,NA,NA,FALSE,NA,NA,NA,NA,NA
2,A,Right_A,bere,no,w,25,145.0636,648,8,8,16,4,33,3,4,19,34.6,NA,NA,NA,FALSE,NA,NA,NA,NA,NA
2,A,Right_A,bere,no,w,31,139.416,620,10,12,22,5,33,3,4,24,31.8,NA,NA,NA,FALSE,NA,NA,NA,NA,NA
2,B,Right_B,bere,no,d,0,NA,NA,4,4,8,4,28,0,0,14,NA,NA,NA,NA,FALSE,NA,NA,NA,NA,NA
2,B,Right_B,bere,no,d,3,45.6255,155,NA,NA,NA,NA,NA,NA,NA,NA,NA,NA,NA,NA,FALSE,NA,NA,NA,NA,NA
2,B,Right_B,bere,no,d,4,NA,NA,NA,NA,NA,NA,NA,NA,NA,NA,NA,NA,NA,NA,FALSE,NA,NA,NA,NA,NA
2,B,Right_B,bere,no,d,11,33.3218,94,4,6,10,4,32,2,3,25,45.3,NA,NA,NA,FALSE,NA,NA,NA,NA,NA
2,B,Right_B,bere,no,d,18,26.464,60,4,5,9,5,33,3,5,16,46.9,NA,NA,NA,FALSE,NA,NA,NA,NA,NA
2,B,Right_B,bere,no,d,25,26.8674,62,4,3,7,5,33,3,5,34,49.5,NA,NA,NA,FALSE,NA,NA,NA,NA,NA
2,B,Right_B,bere,no,d,31,26.8674,62,5,3,8,6,34,4,5,45,54.6,NA,NA,NA,FALSE,NA,NA,NA,NA,NA
2,C,Right_C,bere,no,w,0,NA,NA,3,5,8,3,31,1,1,13,NA,NA,NA,NA,FALSE,NA,NA,NA,NA,NA
2,C,Right_C,bere,no,w,3,111.178,480,NA,NA,NA,NA,NA,NA,NA,NA,NA,NA,NA,NA,FALSE,NA,NA,NA,NA,NA
2,C,Right_C,bere,no,w,4,NA,NA,NA,NA,NA,NA,NA,NA,NA,NA,NA,NA,NA,NA,FALSE,NA,NA,NA,NA,NA
2,C,Right_C,bere,no,w,11,108.7576,468,5,5,10,4,31,1,2,20,36.1,NA,NA,NA,FALSE,NA,NA,NA,NA,NA
2,C,Right_C,bere,no,w,18,98.6726,418,6,7,13,3,32,2,4,19,34.7,NA,NA,NA,FALSE,NA,NA,NA,NA,NA
2,C,Right_C,bere,no,w,25,130.1378,574,5,6,11,5,32,2,2,27,34.1,NA,NA,NA,FALSE,NA,NA,NA,NA,NA
2,C,Right_C,bere,no,w,31,124.0868,544,6,9,15,4,33,3,4,30,34.7,NA,NA,NA,FALSE,NA,NA,NA,NA,NA
2,D,Right_D,bere,no,d,0,NA,NA,2,3,5,3,25,0,0,10,NA,NA,NA,NA,FALSE,NA,NA,NA,NA,NA
2,D,Right_D,bere,no,d,3,53.8952,196,NA,NA,NA,NA,NA,NA,NA,NA,NA,NA,NA,NA,FALSE,NA,NA,NA,NA,NA
2,D,Right_D,bere,no,d,4,NA,NA,NA,NA,NA,NA,NA,NA,NA,NA,NA,NA,NA,NA,FALSE,NA,NA,NA,NA,NA
2,D,Right_D,bere,no,d,11,47.6425,165,4,5,9,5,32,2,4,28,39.8,NA,NA,NA,FALSE,NA,NA,NA,NA,NA
2,D,Right_D,bere,no,d,18,50.668,180,5,4,9,6,33,3,3,39,39.3,NA,NA,NA,FALSE,NA,NA,NA,NA,NA
2,D,Right_D,bere,no,d,25,45.0204,152,5,4,9,5,34,4,4,34,38,NA,NA,NA,FALSE,NA,NA,NA,NA,NA
2,D,Right_D,bere,no,d,31,36.549,110,4,6,10,5,34,4,7,39,39.6,NA,NA,NA,FALSE,NA,NA,NA,NA,NA
2,E,Right_E,bere,aphids,w,0,NA,NA,3,5,8,3,31,1,1,15,NA,NA,NA,NA,FALSE,NA,NA,NA,NA,NA
2,E,Right_E,bere,aphids,w,3,110.3712,476,NA,NA,NA,NA,NA,NA,NA,NA,NA,NA,NA,NA,FALSE,NA,NA,NA,NA,NA
2,E,Right_E,bere,aphids,w,4,NA,NA,NA,NA,NA,NA,NA,NA,NA,NA,NA,7,NA,NA,FALSE,7,1.945910149,NA,NA,NA
2,E,Right_E,bere,aphids,w,11,110.3712,476,5,6,11,3,32,2,2,17,36.9,34,NA,NA,FALSE,34,3.526360525,NA,NA,NA
2,E,Right_E,bere,aphids,w,18,111.5814,482,7,10,17,4,32,2,4,15,33.4,NA,55,50,FALSE,105,4.65396035,NA,NA,NA
2,E,Right_E,bere,aphids,w,25,107.144,460,5,8,13,4,32,2,6,19,32.3,NA,247,251,FALSE,498,6.210600077,NA,NA,NA
2,E,Right_E,bere,aphids,w,31,111.3797,481,9,8,17,4,32,2,6,19,31.1,NA,221,383,FALSE,604,6.403574198,NA,NA,NA
2,F,Right_F,bere,aphids,d,0,NA,NA,3,3,6,4,25,0,0,12,NA,NA,NA,NA,FALSE,NA,NA,NA,NA,NA
2,F,Right_F,bere,aphids,d,3,70.0312,276,NA,NA,NA,NA,NA,NA,NA,NA,NA,NA,NA,NA,FALSE,NA,NA,NA,NA,NA
2,F,Right_F,bere,aphids,d,4,NA,NA,NA,NA,NA,NA,NA,NA,NA,NA,NA,11,NA,NA,FALSE,11,2.397895273,NA,NA,NA
2,F,Right_F,bere,aphids,d,11,61.3581,233,4,1,5,3,25,0,0,11,35.3,78,NA,NA,FALSE,78,4.356708827,NA,NA,NA
2,F,Right_F,bere,aphids,d,18,56.1139,207,5,5,10,4,29,0,0,15,33.3,NA,46,47,FALSE,93,4.532599493,NA,NA,NA
2,F,Right_F,bere,aphids,d,25,47.4408,164,5,5,10,4,29,0,0,13,32.8,NA,250,78,FALSE,328,5.793013608,NA,NA,NA
2,F,Right_F,bere,aphids,d,31,41.3898,134,5,5,10,4,29,0,0,13,27.3,NA,163,248,FALSE,411,6.018593214,NA,NA,NA
2,G,Right_G,bere,aphids,w,0,NA,NA,3,4,7,4,31,1,1,14,NA,NA,NA,NA,FALSE,NA,NA,NA,NA,NA
2,G,Right_G,bere,aphids,w,3,61.9632,236,NA,NA,NA,NA,NA,NA,NA,NA,NA,NA,NA,NA,FALSE,NA,NA,NA,NA,NA
2,G,Right_G,bere,aphids,w,4,NA,NA,NA,NA,NA,NA,NA,NA,NA,NA,NA,8,NA,NA,FALSE,8,2.079441542,NA,NA,NA
2,G,Right_G,bere,aphids,w,11,40.9864,132,6,9,15,5,32,2,3,29,39.1,91,NA,NA,FALSE,91,4.510859507,NA,NA,NA
2,G,Right_G,bere,aphids,w,18,30.6997,81,8,7,15,5,32,2,7,24,40.4,NA,91,160,FALSE,251,5.525452939,NA,NA,NA
2,G,Right_G,bere,aphids,w,25,37.5575,115,9,9,18,6,33,3,5,26,32.4,NA,858,499,FALSE,1357,7.21303166,NA,NA,NA
2,G,Right_G,bere,aphids,w,31,32.515,90,7,6,13,6,34,4,9,33,28.7,NA,877,569,FALSE,1446,7.276556403,NA,NA,NA
2,H,Right_H,bere,aphids,d,0,NA,NA,3,3,6,3,31,1,1,14,NA,NA,NA,NA,FALSE,NA,NA,NA,NA,NA
2,H,Right_H,bere,aphids,d,3,57.9292,216,NA,NA,NA,NA,NA,NA,NA,NA,NA,NA,NA,NA,FALSE,NA,NA,NA,NA,NA
2,H,Right_H,bere,aphids,d,4,NA,NA,NA,NA,NA,NA,NA,NA,NA,NA,NA,8,NA,NA,FALSE,8,2.079441542,NA,NA,NA
2,H,Right_H,bere,aphids,d,11,43.6085,145,5,5,10,4,33,3,4,22,41,80,NA,NA,FALSE,80,4.382026635,NA,NA,NA
2,H,Right_H,bere,aphids,d,18,39.7762,126,5,7,12,4,33,3,4,31,37.5,NA,192,48,FALSE,240,5.480638923,NA,NA,NA
2,H,Right_H,bere,aphids,d,25,33.1201,93,6,8,14,4,33,3,5,31,32.6,NA,666,274,FALSE,940,6.845879875,NA,NA,NA
2,H,Right_H,bere,aphids,d,31,28.8844,72,5,6,11,4,33,3,5,31,28.8,NA,468,374,FALSE,842,6.735780014,NA,NA,NA
1,A,Left_A,bere,no,w,31,NA,NA,NA,NA,NA,NA,NA,NA,NA,NA,NA,NA,NA,NA,NA,NA,NA,0.1,0.3,0.333333333
1,A,Right_A,bere,no,d,31,NA,NA,NA,NA,NA,NA,NA,NA,NA,NA,NA,NA,NA,NA,NA,NA,NA,1.21,2.5,0.484
1,B,Left_B,bere,no,w,31,NA,NA,NA,NA,NA,NA,NA,NA,NA,NA,NA,NA,NA,NA,NA,NA,NA,0.72,1.98,0.363636364
1,B,Right_B,bere,no,d,31,NA,NA,NA,NA,NA,NA,NA,NA,NA,NA,NA,NA,NA,NA,NA,NA,NA,0.4,1.68,0.238095238
1,C,Left_C,laureate,no,w,31,NA,NA,NA,NA,NA,NA,NA,NA,NA,NA,NA,NA,NA,NA,NA,NA,NA,1.78,6.49,0.274268105
1,C,Right_C,laureate,no,d,31,NA,NA,NA,NA,NA,NA,NA,NA,NA,NA,NA,NA,NA,NA,NA,NA,NA,1.55,4.96,0.3125
1,D,Left_D,laureate,no,w,31,NA,NA,NA,NA,NA,NA,NA,NA,NA,NA,NA,NA,NA,NA,NA,NA,NA,1.5,7.18,0.208913649
1,D,Right_D,laureate,no,d,31,NA,NA,NA,NA,NA,NA,NA,NA,NA,NA,NA,NA,NA,NA,NA,NA,NA,1.97,5.92,0.33277027
1,E,Left_E,laureate,aphids ,w,31,NA,NA,NA,NA,NA,NA,NA,NA,NA,NA,NA,NA,NA,NA,NA,NA,NA,0.76,2.92,0.260273973
1,E,Right_E,laureate,aphids ,d,31,NA,NA,NA,NA,NA,NA,NA,NA,NA,NA,NA,NA,NA,NA,NA,NA,NA,0.94,2.83,0.332155477
1,F,Left_F,bere,aphids ,w,31,NA,NA,NA,NA,NA,NA,NA,NA,NA,NA,NA,NA,NA,NA,NA,NA,NA,0.15,2.42,0.061983471
1,F,Right_F,bere,aphids ,d,31,NA,NA,NA,NA,NA,NA,NA,NA,NA,NA,NA,NA,NA,NA,NA,NA,NA,0.25,2.42,0.103305785
1,G,Left_G,laureate,aphids ,w,31,NA,NA,NA,NA,NA,NA,NA,NA,NA,NA,NA,NA,NA,NA,NA,NA,NA,0.49,3.36,0.145833333
1,G,Right_G,laureate,aphids ,d,31,NA,NA,NA,NA,NA,NA,NA,NA,NA,NA,NA,NA,NA,NA,NA,NA,NA,0.33,2.88,0.114583333
1,H,Left_H,bere,aphids ,w,31,NA,NA,NA,NA,NA,NA,NA,NA,NA,NA,NA,NA,NA,NA,NA,NA,NA,0.19,1.89,0.100529101
1,H,Right_H,bere,aphids ,d,31,NA,NA,NA,NA,NA,NA,NA,NA,NA,NA,NA,NA,NA,NA,NA,NA,NA,0.29,1.72,0.168604651
2,A,Left_A,laureate ,no,w,31,NA,NA,NA,NA,NA,NA,NA,NA,NA,NA,NA,NA,NA,NA,NA,NA,NA,0.33,5.06,0.065217391
2,A,Right_A,bere,no,w,31,NA,NA,NA,NA,NA,NA,NA,NA,NA,NA,NA,NA,NA,NA,NA,NA,NA,0.3,4.09,0.073349633
2,B,Left_B,laureate ,no,d,31,NA,NA,NA,NA,NA,NA,NA,NA,NA,NA,NA,NA,NA,NA,NA,NA,NA,0.64,3.94,0.162436548
2,B,Right_B,bere,no,d,31,NA,NA,NA,NA,NA,NA,NA,NA,NA,NA,NA,NA,NA,NA,NA,NA,NA,0.69,5.36,0.128731343
2,C,Left_C,laureate ,no,w,31,NA,NA,NA,NA,NA,NA,NA,NA,NA,NA,NA,NA,NA,NA,NA,NA,NA,0.41,4.55,0.09010989
2,C,Right_C,bere,no,w,31,NA,NA,NA,NA,NA,NA,NA,NA,NA,NA,NA,NA,NA,NA,NA,NA,NA,0.08,3.19,0.02507837
2,D,Left_D,laureate ,no,d,31,NA,NA,NA,NA,NA,NA,NA,NA,NA,NA,NA,NA,NA,NA,NA,NA,NA,1.21,5.56,0.217625899
2,D,Right_D,bere,no,d,31,NA,NA,NA,NA,NA,NA,NA,NA,NA,NA,NA,NA,NA,NA,NA,NA,NA,0.37,3.02,0.122516556
2,E,Left_E,laureate ,aphids,w,31,NA,NA,NA,NA,NA,NA,NA,NA,NA,NA,NA,NA,NA,NA,NA,NA,NA,0.34,3.33,0.102102102
2,E,Right_E,bere,aphids,w,31,NA,NA,NA,NA,NA,NA,NA,NA,NA,NA,NA,NA,NA,NA,NA,NA,NA,0.22,2.91,0.075601375
2,F,Left_F,laureate ,aphids,d,31,NA,NA,NA,NA,NA,NA,NA,NA,NA,NA,NA,NA,NA,NA,NA,NA,NA,0.57,3.48,0.163793103
2,F,Right_F,bere,aphids,d,31,NA,NA,NA,NA,NA,NA,NA,NA,NA,NA,NA,NA,NA,NA,NA,NA,NA,0.19,1.56,0.121794872
2,G,Left_G,laureate ,aphids,w,31,NA,NA,NA,NA,NA,NA,NA,NA,NA,NA,NA,NA,NA,NA,NA,NA,NA,0.25,2.08,0.120192308
2,G,Right_G,bere,aphids,w,31,NA,NA,NA,NA,NA,NA,NA,NA,NA,NA,NA,NA,NA,NA,NA,NA,NA,0.47,4.44,0.105855856
2,H,Left_H,laureate ,aphids,d,31,NA,NA,NA,NA,NA,NA,NA,NA,NA,NA,NA,NA,NA,NA,NA,NA,NA,0.33,2.57,0.128404669
2,H,Right_H,bere,aphids,d,31,NA,NA,NA,NA,NA,NA,NA,NA,NA,NA,NA,NA,NA,NA,NA,NA,NA,0.19,2.26,0.084070796
